TEAM_ID,TEAM_NAME,GP,W,L,W_PCT,MIN,E_OFF_RATING,OFF_RATING,E_DEF_RATING,DEF_RATING,E_NET_RATING,NET_RATING,AST_PCT,AST_TO,AST_RATIO,OREB_PCT,DREB_PCT,REB_PCT,TM_TOV_PCT,EFG_PCT,TS_PCT,E_PACE,PACE,PACE_PER40,POSS,PIE,GP_RANK,W_RANK,L_RANK,W_PCT_RANK,MIN_RANK,OFF_RATING_RANK,DEF_RATING_RANK,NET_RATING_RANK,AST_PCT_RANK,AST_TO_RANK,AST_RATIO_RANK,OREB_PCT_RANK,DREB_PCT_RANK,REB_PCT_RANK,TM_TOV_PCT_RANK,EFG_PCT_RANK,TS_PCT_RANK,PACE_RANK,PIE_RANK
1610612737,Atlanta Hawks,82,28,54,0.341,3966.0,99.2,100.1,104.8,105.8,-5.7,-5.7,0.516,1.22,14.6,0.334,0.698,0.516,0.164,0.46,0.503,94.4,93.55,77.96,7731,0.462,1,25,25,25,7,24,25,25,28,26,28,5,6,3,19,25,25,21,25
1610612738,Boston Celtics,82,35,47,0.427,3946.0,102.0,102.9,103.0,103.9,-1.0,-1.1,0.57,1.38,15.9,0.327,0.705,0.506,0.159,0.474,0.52,97.1,96.19,80.16,7918,0.476,1,19,19,19,26,13,20,20,22,19,22,9,2,11,10,19,19,7,22
1610612766,Charlotte Hornets,82,49,33,0.598,3956.0,101.7,102.5,98.9,99.7,2.8,2.8,0.689,1.68,18.4,0.283,0.712,0.501,0.153,0.475,0.53,96.3,95.58,79.65,7876,0.541,1,10,10,10,19,18,8,9,1,4,4,26,1,14,8,18,11,11,7
1610612741,Chicago Bulls,82,17,65,0.207,3961.0,91.2,92.8,102.3,102.8,-11.1,-10.0,0.638,1.05,15.8,0.331,0.676,0.499,0.208,0.443,0.49,92.0,90.93,75.78,7492,0.417,1,28,28,28,17,29,15,28,8,29,24,6,22,17,29,29,28,27,28
1610612739,Cleveland Cavaliers,82,32,50,0.39,3971.0,97.9,98.7,100.9,102.2,-3.0,-3.5,0.652,1.36,17.3,0.308,0.685,0.496,0.177,0.468,0.516,98.4,97.36,81.13,8051,0.475,1,22,22,22,6,26,14,24,6,20,10,20,17,22,25,23,22,4,23
1610612742,Dallas Mavericks,82,40,42,0.488,3946.0,103.8,104.7,104.5,105.2,-0.7,-0.5,0.567,1.61,16.7,0.281,0.647,0.466,0.142,0.49,0.532,97.4,96.64,80.54,7941,0.493,1,18,18,18,28,7,24,18,24,7,16,27,29,29,1,8,10,6,18
1610612743,Denver Nuggets,82,35,47,0.427,3971.0,100.8,102.2,102.8,104.5,-2.0,-2.3,0.625,1.49,17.2,0.321,0.688,0.504,0.161,0.476,0.517,97.4,95.95,79.96,7944,0.483,1,19,19,19,5,19,22,22,10,14,12,14,14,13,14,16,20,8,20
1610612765,Detroit Pistons,82,42,40,0.512,3966.0,104.6,105.2,103.1,103.8,1.6,1.4,0.561,1.33,15.7,0.295,0.694,0.495,0.16,0.492,0.548,98.2,97.56,81.3,8063,0.506,1,15,15,15,7,6,18,13,25,22,26,24,10,23,12,6,2,3,13
1610612744,Golden State Warriors,82,19,63,0.232,3951.0,96.9,98.0,105.8,106.5,-8.9,-8.4,0.618,1.42,16.3,0.346,0.673,0.499,0.163,0.444,0.484,98.0,97.11,80.92,7991,0.431,1,27,27,27,22,27,27,27,11,17,20,1,25,19,17,28,29,5,27
1610612745,Houston Rockets,82,34,48,0.415,3966.0,101.6,103.3,103.1,104.2,-1.5,-0.8,0.591,1.24,16.3,0.321,0.691,0.508,0.181,0.494,0.536,96.8,95.54,79.62,7892,0.49,1,21,21,21,7,12,21,19,18,24,19,15,12,6,27,4,6,12,19
1610612754,Indiana Pacers,82,56,26,0.683,3946.0,105.9,106.8,100.8,101.7,5.2,5.1,0.609,1.6,17.5,0.276,0.691,0.492,0.149,0.503,0.552,95.6,94.7,78.92,7777,0.534,1,3,3,3,27,1,13,5,14,8,8,29,13,25,7,1,1,15,8
1610612746,Los Angeles Clippers,82,15,67,0.183,3940.0,95.2,96.1,107.3,108.0,-12.2,-11.9,0.514,1.12,14.2,0.286,0.674,0.474,0.169,0.458,0.499,96.5,95.69,79.74,7849,0.411,1,29,29,29,29,28,29,29,29,28,29,25,23,27,22,26,27,9,29
1610612747,Los Angeles Lakers,82,67,15,0.817,3961.0,104.6,105.4,95.6,96.4,9.0,9.0,0.612,1.68,17.4,0.324,0.705,0.518,0.146,0.484,0.525,95.8,95.04,79.2,7840,0.573,1,1,1,1,14,5,1,1,13,3,9,12,3,2,3,14,15,13,1
1610612748,Miami Heat,82,52,30,0.634,3966.0,102.2,102.5,97.7,99.4,4.5,3.1,0.649,1.57,18.3,0.304,0.696,0.508,0.163,0.495,0.533,92.2,91.22,76.02,7548,0.543,1,7,7,7,7,17,5,7,7,9,5,21,8,7,18,3,8,25,5
1610612749,Milwaukee Bucks,82,42,40,0.512,3971.0,104.9,106.5,104.9,106.2,0.0,0.3,0.583,1.51,17.1,0.327,0.667,0.497,0.158,0.494,0.539,95.5,94.27,78.56,7796,0.498,1,15,15,15,2,3,26,16,21,13,14,10,27,20,9,5,5,19,15
1610612750,Minnesota Timberwolves,82,50,32,0.61,3981.0,103.4,104.2,100.2,101.7,3.2,2.5,0.684,1.94,19.8,0.318,0.696,0.507,0.147,0.485,0.525,94.4,93.37,77.81,7751,0.531,1,8,8,8,1,8,12,10,3,1,1,16,9,8,5,13,14,22,9
1610612751,New Jersey Nets,82,31,51,0.378,3966.0,102.3,102.8,103.3,103.9,-1.0,-1.1,0.567,1.51,15.8,0.298,0.657,0.472,0.143,0.468,0.517,95.1,94.63,78.86,7820,0.479,1,23,23,23,7,14,19,21,23,12,25,23,28,28,2,22,21,16,21
1610612752,New York Knicks,82,50,32,0.61,3966.0,99.8,100.9,98.1,99.5,1.7,1.5,0.548,1.32,15.8,0.277,0.699,0.496,0.16,0.482,0.527,91.7,90.54,75.45,7485,0.507,1,8,8,8,7,22,6,12,26,23,23,28,5,21,13,15,12,29,12
1610612753,Orlando Magic,82,41,41,0.5,3951.0,99.4,101.1,98.9,100.3,0.5,0.8,0.539,1.18,15.3,0.344,0.669,0.506,0.178,0.473,0.516,100.2,98.68,82.23,8120,0.497,1,17,17,17,22,21,9,15,27,27,27,2,26,9,26,21,23,2,16
1610612755,Philadelphia 76ers,82,49,33,0.598,3966.0,98.5,99.9,97.5,98.3,0.9,1.5,0.607,1.42,16.6,0.335,0.68,0.504,0.165,0.457,0.501,95.3,94.25,78.54,7782,0.508,1,10,10,10,7,25,4,11,15,18,17,4,18,12,20,27,26,20,11
1610612756,Phoenix Suns,82,53,29,0.646,3961.0,101.8,102.7,96.2,97.3,5.6,5.4,0.678,1.53,18.8,0.316,0.676,0.5,0.173,0.491,0.532,96.7,95.67,79.73,7895,0.542,1,5,5,5,14,15,3,4,4,11,3,17,21,16,24,7,9,10,6
1610612757,Portland Trail Blazers,82,59,23,0.72,3956.0,105.1,106.5,97.7,99.5,7.4,6.9,0.637,1.55,18.2,0.335,0.693,0.523,0.166,0.501,0.546,92.4,91.03,75.86,7505,0.559,1,2,2,2,19,2,7,2,9,10,6,3,11,1,21,2,3,26,2
1610612758,Sacramento Kings,82,44,38,0.537,3961.0,101.9,103.6,99.9,100.7,2.0,2.9,0.596,1.47,17.0,0.308,0.679,0.493,0.16,0.486,0.526,101.9,100.66,83.88,8306,0.513,1,14,14,14,18,10,10,8,17,16,15,19,19,24,11,12,13,1,10
1610612759,San Antonio Spurs,82,53,29,0.646,3971.0,102.8,103.5,95.7,97.1,7.1,6.4,0.616,1.48,17.3,0.301,0.703,0.512,0.162,0.488,0.535,93.1,92.11,76.76,7620,0.556,1,5,5,5,2,11,2,3,12,15,11,22,4,5,15,10,7,24,3
1610612760,Seattle SuperSonics,82,45,37,0.549,3956.0,102.6,104.0,101.8,103.1,0.8,1.0,0.604,1.63,17.2,0.312,0.673,0.491,0.148,0.487,0.52,96.0,94.74,78.95,7809,0.496,1,12,12,12,21,9,17,14,16,6,13,18,24,26,6,11,18,14,17
1610612761,Toronto Raptors,82,45,37,0.549,3951.0,101.8,102.7,101.7,102.8,0.0,-0.1,0.653,1.71,17.7,0.324,0.686,0.499,0.147,0.464,0.511,95.2,94.3,78.58,7760,0.5,1,12,12,12,22,16,16,17,5,2,7,13,15,18,4,24,24,18,14
1610612762,Utah Jazz,82,55,27,0.671,3951.0,104.0,105.7,99.8,101.1,4.2,4.6,0.689,1.67,19.1,0.329,0.698,0.516,0.163,0.49,0.54,92.2,90.84,75.7,7488,0.551,1,4,4,4,22,4,11,6,2,5,2,7,7,4,16,9,4,28,4
1610612763,Vancouver Grizzlies,82,22,60,0.268,3971.0,99.7,100.7,105.3,106.7,-5.6,-6.0,0.588,1.23,16.2,0.326,0.679,0.501,0.181,0.474,0.524,93.5,92.46,77.05,7647,0.457,1,26,26,26,2,23,28,26,20,25,21,11,20,15,28,20,16,23,26
1610612764,Washington Wizards,82,29,53,0.354,3961.0,100.7,101.8,104.1,105.2,-3.4,-3.4,0.588,1.34,16.4,0.329,0.686,0.506,0.17,0.476,0.521,95.3,94.33,78.61,7781,0.471,1,24,24,24,14,20,23,23,19,21,18,8,16,10,23,17,17,17,24
